,Topic,Coherence,Similarity
0,1,0.7559225029572267,0.5789473684210527
1,2,0.7146627626399144,0.2
2,3,0.7165422286136661,0.6666666666666666
3,4,0.6826944765330154,0.7647058823529411
4,5,0.6780602028098885,0.2
5,6,0.6576876352326231,0.5789473684210527
6,7,0.6364561881289637,0.15384615384615385
7,8,0.6185848672048071,0.07142857142857142
8,9,0.6427449144489946,0.07142857142857142
9,10,0.656058864516823,0.0
10,11,0.653363058156945,0.07142857142857142
11,12,0.637932980450001,0.1111111111111111
12,13,0.60475361647852,0.1111111111111111
13,14,0.6213056485912569,0.034482758620689655
14,15,0.6170617629051774,0.0
15,16,0.6010540040032077,0.034482758620689655
16,17,0.6101505181360005,0.034482758620689655
17,18,0.586469964750819,0.0
18,19,0.5996307761817302,0.034482758620689655
