,Topic,Coherence,Similarity
0,1,0.7559225029572267,0.5789473684210527
1,2,0.7146627626399144,0.2
2,3,0.7165422286136661,0.6666666666666666
3,4,0.6826944765330154,0.7647058823529411
4,5,0.6739481670073809,0.2
5,6,0.6597724716414249,0.5789473684210527
6,7,0.6364561881289637,0.15384615384615385
7,8,0.6174539853823506,0.07142857142857142
8,9,0.6408266371032966,0.07142857142857142
9,10,0.6558922693910245,0.0
10,11,0.653363058156945,0.07142857142857142
11,12,0.6352111476484469,0.1111111111111111
12,13,0.6037555776907023,0.1111111111111111
13,14,0.6202802189558997,0.034482758620689655
14,15,0.6141333931167029,0.0
15,16,0.5962329843353797,0.034482758620689655
16,17,0.6097423386252939,0.034482758620689655
17,18,0.5874383409468478,0.0
18,19,0.596784614020709,0.034482758620689655
